aa96334a559bdd7f70cc	eb8affef75a3b9320ecc,88a1c30525af07808b8a
d607d3c3713dc4dd59b3	d382c36b7c8c16131dac,6c7db5603dcebca94f25
cfe7871db5fecf5f12f9	81f73d300daaad414a49,641ff3af52a7f233ac45
7e0c532b62c348f3a5e6	cd88ff8dc97f687e2be7,4bb2171adcb5705f67a1
49684527449b1af435e4	f8f7941adbe750a84d48,f4d2bd89ad493068f0a0
87b47015171455bf5420	43a168da0a7cbfcb9edd,86a768de05d742b61e04
b27644e26657295a16a1	25ddf9198f29191148ab,8929f3bfd718904b94b1
0f17e3118017e1a07000	c28d1b8b5102752918cf,a39e4250321c627a880a
b0edd300f24412979b96	d82712d69550e22d880d,098035d89f531b38a307
f197ebcfd5e3fbaa915b	d4a97dda5239a7e9015c,a880adae37930c73a5ea
fa4e0915a9ffe0545ff3	93a541112ee58853bd37,ba4cbb2ff44411db5154
95c6761edf49ac443e0a	f21220b3badfa91ca46f,701856137558a0d7e064
5cf6342aecc609ddfb01	86a768de05d742b61e04,3cb736376ebd1930f70a
5934d9bef87f4b072993	f4d2bd89ad493068f0a0,2ad93891e6935c7d1bc3
7960596515b220c6f065	223f1076747a0f580dc5,4fa9ebe57d489cd4461d
4fe62aa7a934c22af18c	67ebc7eb765997a2f579,5f3b8dad07e1685a3f4d
1ebc03ab16b02753f763	2876b6af25d17035b040,73fa9bca31efcda7b53a
48c59b9d1b0d383ac7fb	540acce228b1473cbe61,fdb8aacb64a8132d650d
ed3229e31541d23e74dc	e948cd27fb75fa468e5d,640e6ad818a0084c360a
cff00bac2a14c01dba3b	d5e5e4a92259c852a092,43a168da0a7cbfcb9edd
d0c844e838508b466157	49f7af5098255a9191ae,1ceef0515530fa4af28e
5dec1774e4b6c05433e7	f153e22e6482371d0e2b,25ddf9198f29191148ab
b1b9ec4668ca54d45e91	1ab60f92fb4b8d81fd5a,4bb2171adcb5705f67a1
7ae7748ec0a697ece72c	ec78307016196ca65733,3e250837be2cc1f9aae7
a398d67e8d4adaf67eee	701856137558a0d7e064,c8aa576c1c1fb4c1a825
0ce744e886e1ce425b7d	dc636da2f5423e224d56,1b710d8da422e206eb91
7062222e6604cd0359ed	491661d03f664a1a7773,ca82f6bc0425d2fe4b69
a17793ade131ea5118b1	464e955044c6429afe1d,a1ab044924700e7a8860
37b8a745aba8c1e44ab3	583fa95b9c083d8ae6cb,da4ddd1ff3332b7c7d55
0a78ee6b632807378958	b0b76bf62d5720c3dfc4,509fec89dd8f19f49fb0
de84c6dad111be45fbbb	b0b76bf62d5720c3dfc4,c3bd9e91c8dd5defd40c
507774f983e051958fc0	ff368b02f4a5f28f3af7,c61593a79c8ba031851c
92d326fda9e3bc65a35f	ab7f122c565a2c623441,52ef1a1e6b48bd17598c
fea0628066ec3d5a3652	e83edeea901eafcf35fa,6c7db5603dcebca94f25
eef63f8992c1c400c6e4	e2b3fa3e0d179973f65f,e948cd27fb75fa468e5d
f51c529e08cb4ea3336c	bb664198ab704681e7e9,88a1c30525af07808b8a
abe623507d468a22a9e4	dfc7d9a416492fc9bda1,ab7f122c565a2c623441
c0154156f7a3d5371f50	bbd8842d802b1fcc46fb,ca82f6bc0425d2fe4b69
f0afc018387d533b1d6c	c61593a79c8ba031851c,5d2a99c09b71a39ef16e
58bccd42ef364a401a7f	5d2a99c09b71a39ef16e,65c10a0fc45ed78cf0fc
6ffb84673c4c36a2b227	da4ddd1ff3332b7c7d55,270e7178e912d1ee2ff4
7d01ef619d294f660cea	f21220b3badfa91ca46f,6c7db5603dcebca94f25
f9e3dd3b5cdd20781e1d	3e250837be2cc1f9aae7,f08dcd409debbe2c1bc7
e20d85608c9e5b73c4da	c4677c44708cd0f01adf,f08dcd409debbe2c1bc7
c5c405ec88b19fc9acdb	2ca2b290b904cd41f4f5,8929f3bfd718904b94b1
87f6a52a3d6d5a30d021	3e250837be2cc1f9aae7,263112979562af414516
1bb3191ad0063f2eb41b	270e7178e912d1ee2ff4,6177f2a6c8c678916edc
927993ca37c365a1edb9	c61593a79c8ba031851c,bf7ba013e952a8174bc9
3407a7e4a080ac66b04b	054e7c80c9c36af0fc9b,dc409e9fdcb5202c649c
9afee9f387a36777c2cc	c61593a79c8ba031851c,44161ea4b3ec13648255
56eef9591fc7075a8bbf	2ca2b290b904cd41f4f5,098035d89f531b38a307
c2cf3be3fb77b650c1d4	628a4d1ce586ca3acfdf,bf7ba013e952a8174bc9
aa344ace8bc50fe13cba	1ab60f92fb4b8d81fd5a,e83edeea901eafcf35fa
e2c5de5d0ae59c5f42e7	540acce228b1473cbe61,9bb351c863a7b97cca7c
4c25b37f85f46c5b2664	795f636b364a65d0e800,8929f3bfd718904b94b1
417f474e90ed52d55d07	2ca2b290b904cd41f4f5,3e250837be2cc1f9aae7
f89249308343c7d0c5fa	ab7f122c565a2c623441,4c70783ec5d0f8e604a7
a1368bab889182d6edce	bf7ba013e952a8174bc9,08fdb5ba1042b0c499e4
72368ff1d022ccfc7e61	509fec89dd8f19f49fb0,48b5b27ba797b895c1fa
54ca1ac174d4bf06ebb9	a39e4250321c627a880a,276a2c7e3b1071cc953f
86028beef17d0551fc84	e99ded77c27b4ab2e349,509fec89dd8f19f49fb0
839ab3f1d626ea4073ee	ef34780cce56c64b5c17,540acce228b1473cbe61
38d749f34b5cf1b47f2d	276a2c7e3b1071cc953f,49f7af5098255a9191ae
cf932897b17052868b6f	701856137558a0d7e064,3b3cb637f77e199b8686
1b6afa78ba6f04420e3b	4bb2171adcb5705f67a1,6177f2a6c8c678916edc
ad03d867c45648d8c782	f4d2bd89ad493068f0a0,b2547da7de820471554f
8f8e0b68458bbe75d054	d37e507221deebe5959c,dc409e9fdcb5202c649c
4672c0dd936cc5acd1fd	2876b6af25d17035b040,f6e0dde72f7124fd569d
e3c045dc64b08e8e9fe9	9cb8ccb77a862d42d5dc,66bb7810e20d3e208f3c
771a5186bab476c51e0a	f111cd1cd6a39507b399,82d489f1a8efe8cb5022
2b08939be30376055ffd	b2547da7de820471554f,a880adae37930c73a5ea
6d784462e307ce312853	a87764a11796fda1d35b,1ab60f92fb4b8d81fd5a
91aed4bf625a7f7a3c64	63674b1c0b14df2d2932,b065d10e0352ff56a034
15c1aeaea0ccad4edbdd	02dc2b0c44459dd53d5f,509fec89dd8f19f49fb0
84d5b8fb9a618e1076f4	276a2c7e3b1071cc953f,e948cd27fb75fa468e5d
337bc71a5f4fc8f2b167	2ad93891e6935c7d1bc3,f6e0dde72f7124fd569d
808d367fa6897f266668	40911f75ceb170538761,ee49ac677eb392533f4d
a39bab2f0e169e4ec870	e83edeea901eafcf35fa,9bb351c863a7b97cca7c
e5b0f024111a7b71e8e5	491661d03f664a1a7773,276a2c7e3b1071cc953f
72c3da9b4dad6f97487c	9207006881304376992d,5f3b8dad07e1685a3f4d
b08c0849412db0fe2cc5	eb8affef75a3b9320ecc,701856137558a0d7e064
e4bd20f98b72a0667046	5d2a99c09b71a39ef16e,d82712d69550e22d880d
38ea983413bee32df22c	207ac71a370f82288fe4,eaeb308ef8898e381b45
98eee23e8db520b0e25e	48b5b27ba797b895c1fa,f153e22e6482371d0e2b
afdb14122e60402fe35e	a90456ffaaeb1ce10a75,63674b1c0b14df2d2932
4970a0865263e378179c	c3bd9e91c8dd5defd40c,6177f2a6c8c678916edc
e217b25dcd391f81bcab	a5782a89c71f7ec77415,f5ac82115c55504ce931
b16d85a27d4309ea53c2	ba5b90f015a3d6021067,9a3ac573a5a882314ac7
b4487b82a9c165ae7eca	9a87fba94a722865139e,c61593a79c8ba031851c
d461b8eca2350787a4c4	65c10a0fc45ed78cf0fc,5cdf839c087b95d971b2
ec6fb33dc3f118384126	b0b76bf62d5720c3dfc4,ba5b90f015a3d6021067
823fa34b386ad3d3ed52	e948cd27fb75fa468e5d,eaeb308ef8898e381b45
c3a48305e5b1b2fcbb8b	67ebc7eb765997a2f579,a880adae37930c73a5ea
01cc698da53790668007	52ef1a1e6b48bd17598c,9bb351c863a7b97cca7c
ee7ca607230a98bfd37f	bb664198ab704681e7e9,b2c782176840b8b1a726
3646d622a024ac025467	3cb736376ebd1930f70a,2ecd18758e8d288b8e42
6199a6a1f25a2e2b9caf	3fe0bf65173430a304cf,9ac83239483c37a866e7
68d78ddd3fa24918f3d8	a1ab044924700e7a8860,270e7178e912d1ee2ff4
b06afbcd9ceb72a5ee69	eaeb308ef8898e381b45,ec78307016196ca65733
b72406d362cfd4657e2f	c61593a79c8ba031851c,9a3ac573a5a882314ac7
ace58c9be57622145506	16820e1977ef60faaa36,3a3c245a7f4c9dffbc03
8deb5ec379d2167bb8f8	27f75eb41d8b1d319ff6,bcca01c42a8ed8eb8632
200e21bfa9bdfbb6723e	e05c31ba72f0a617edb1,27f75eb41d8b1d319ff6
956b0df6f4b50a4b7396	38be9fd5c24bbe8aa037,fc135c5deefaff5b091d
f73bec874d86ae0d9f45	e00df8381bb5ac0d1049,10136de62af20700bda6
666dd67cce692b85c212	a600462a2ceafc0911fc,ae3a33aa1e8980e76fa6
91d34ec16366fe420463	e00df8381bb5ac0d1049,1bbc938932da09337a97
362e1b737c50bca5f3e8	bc898b88c526f839283a,1e2164cf89251240f099
cecfa96ec67a21dcace8	33bfbe2d80aa6fd121e8,10e2c6dc673a5cfa0d18
57b569fee6bb17a32d5d	207ac71a370f82288fe4,91ac6128ffeac67fcbdf
28ae57b420411d9d918a	e05df74c7c9af5c6ed98,0620ee60a4f1e0702f2f
9d44082cf74e2a076e8e	425825a0105fd18d4ea5,207ac71a370f82288fe4
4b2db17933f6b55c65c3	e05c31ba72f0a617edb1,fbc79bcdbceb63434176
b8b7db8ff957fbccca3a	fbc79bcdbceb63434176,bcca01c42a8ed8eb8632
9208f38eebfb7e52c456	2935b39df083a2eb6658,d20df5b325dfbdcc68c3
1623eb4eb9aaa23ef506	25bbb2f364614d020a30,d932f11e355b7719372a
d7b253f4d203e62cb7a6	25bbb2f364614d020a30,b911512f53b7f67ba0b2
d6e6ae206ededb2b4b04	aaef977d6db45483e506,425825a0105fd18d4ea5
d4e22160aa449de5073d	2d23eb4fd03d53803783,2935b39df083a2eb6658
5ff89c676e766f41457b	38be9fd5c24bbe8aa037,60c3200ac0d063dfe310
ac0813257d48cf05cec4	da38f3746b8e91545522,25bbb2f364614d020a30
91f542967142dd7e9322	c89832da67ad95ffc11e,d4d548a9cfc5686a7cd9
ecbb68b21057a2edabfb	2d23eb4fd03d53803783,b911512f53b7f67ba0b2
123c7346c45f4c962596	ae3a33aa1e8980e76fa6,b911512f53b7f67ba0b2
65f6b76527b360540c53	aea5616fc9c283e88f97,bc898b88c526f839283a
d2c981149084b571dc5a	e05df74c7c9af5c6ed98,aaef977d6db45483e506
c516211672c76ec5c886	91ac6128ffeac67fcbdf,4530f092ccb0792ec28a
d4f15d4e5672dd5ebe59	2c3d1862e40c003f94da,1e2164cf89251240f099
0e6ac0e81cc1138531ba	0999d2c2eb72781bc960,aad2f74920987ada75ec
cb0ed983d709c3fca28c	bcd19ba6d268e10ec429,240afd1042da71f5fa60
53a9cc6108c92916236c	15dd1a7faabd27dff757,d20df5b325dfbdcc68c3
23d7822ff92112294776	5025bc661d83d5ac3648,aad2f74920987ada75ec
f330a1b0981c8b12116d	4dab9b81050efc59cff3,5b287c663122942399b5
dccd7d08f7f7edbdfd74	56ee5b6385c970ca9583,39165be41f30a94ed98e
f70093eacff1dda6c1a6	bcd19ba6d268e10ec429,27f75eb41d8b1d319ff6
c4e19be94991c7d0eac2	3a3c245a7f4c9dffbc03,da38f3746b8e91545522
d3e2d3569edefef70183	c89832da67ad95ffc11e,39165be41f30a94ed98e
3c768796c1a36639a080	d20df5b325dfbdcc68c3,33bfbe2d80aa6fd121e8
3be5063bb594df92d1d9	716c6312ace130c30251,bcca01c42a8ed8eb8632
3c025b8e040b6c060394	bcca01c42a8ed8eb8632,b911512f53b7f67ba0b2
8bfe40517c0fc2ee2476	86382d534defc61b6f4e,003f19dedf8ef538ae23
4d72e7935c6bde886c42	207ac71a370f82288fe4,a600462a2ceafc0911fc
806779f04a9e7c1115b7	2c3d1862e40c003f94da,c89832da67ad95ffc11e
4ed23febc1160de862b2	a88edfabdabca1770526,b63d26783d295a6dd2a2
030d94fd1772de3b8ef2	4b45c620a0b102bb683c,d4d548a9cfc5686a7cd9
23759634506dbf5f6d45	207ac71a370f82288fe4,d20df5b325dfbdcc68c3
3639002098f091cb353f	d4d548a9cfc5686a7cd9,bc898b88c526f839283a
4112a2ea9e377b452941	84b1102e755f6a4b1aae,39165be41f30a94ed98e
db18a207ac84972988f8	2935b39df083a2eb6658,003f19dedf8ef538ae23
edee5ffed7c2d6e43938	e05c31ba72f0a617edb1,c89832da67ad95ffc11e
f6bdb0aa06b36b1520ee	3a3c245a7f4c9dffbc03,4d6f2251528ac561dc37
58c32a98e3de343c181f	bc898b88c526f839283a,39165be41f30a94ed98e
9c73a07ff67f980a1651	5b287c663122942399b5,10136de62af20700bda6
92f2631690afd99744f3	aad2f74920987ada75ec,39165be41f30a94ed98e
29eca3d4d922c9d0b09e	3b0e2fa8d42f162f4b1c,a88edfabdabca1770526
5ccbba1f1507f39cfb7d	60c3200ac0d063dfe310,e05df74c7c9af5c6ed98
ab0e03d49d04a1f28fe2	4b45c620a0b102bb683c,aaef977d6db45483e506
e99158ead57b10c5b0c9	d20df5b325dfbdcc68c3,5b287c663122942399b5
7945b4361bf0efe49049	a600462a2ceafc0911fc,25bbb2f364614d020a30
e5fee8db9a34fd7ca22a	e00df8381bb5ac0d1049,91ac6128ffeac67fcbdf
37e98334050dd136e6b5	5025bc661d83d5ac3648,e05df74c7c9af5c6ed98
7a6eb2df61724da46d36	e05df74c7c9af5c6ed98,da38f3746b8e91545522
95328d81a42ca9559fc4	25bbb2f364614d020a30,6c071a6fcc40c522ace3
4dc2cc9d0dd10a92378b	4dab9b81050efc59cff3,aea5616fc9c283e88f97
24a331e4cd9de0e28551	b63d26783d295a6dd2a2,4530f092ccb0792ec28a
9eb2c5cf0407616a1adf	16820e1977ef60faaa36,27f75eb41d8b1d319ff6
7c5c3e9d71fd6c81c332	e05df74c7c9af5c6ed98,d08c8f3239ac9be4b8ae
7daa1ea82b25dcc713cf	2c3d1862e40c003f94da,afcb84ceb39747e0b2d6
4d5415ac13cd0306b9ff	2c3d1862e40c003f94da,5b287c663122942399b5
732e25895829ac0e7dcd	207ac71a370f82288fe4,2c3d1862e40c003f94da
0166c0ede5daac823847	2e007f19b358d16a03c6,b63d26783d295a6dd2a2
b4f2ac267caf6b7a46cf	b911512f53b7f67ba0b2,2935b39df083a2eb6658
8b31329a6ed49504a081	84b1102e755f6a4b1aae,10136de62af20700bda6
36e7f450f5753fce399c	240afd1042da71f5fa60,fc135c5deefaff5b091d
a183210ccc7eab1e05a7	86382d534defc61b6f4e,6dd1aa19bb53e78d6a29
e109193a63e4ef283373	bc898b88c526f839283a,16820e1977ef60faaa36
d1f4023c29293b42c523	d4d548a9cfc5686a7cd9,d20df5b325dfbdcc68c3
85da1c315799b860b0e2	d08c8f3239ac9be4b8ae,003f19dedf8ef538ae23
9d5e1fe6175a6f92df4a	a600462a2ceafc0911fc,d97c920227f662021b59
4d5a918da7c726e9d0f0	d20df5b325dfbdcc68c3,bcd19ba6d268e10ec429
753d2b3a2d293b60f84c	aa6575f90d98dbc1914e,86382d534defc61b6f4e
ee04d824784983cc3e48	716c6312ace130c30251,1bbc938932da09337a97
f8b4f9c56846bff4c4d7	2d23eb4fd03d53803783,1bbc938932da09337a97
ef04324ba05d68460731	fa313a653cb4d9148e5c,bc898b88c526f839283a
0bd9ece1728fd2ba4e24	afcb84ceb39747e0b2d6,fa313a653cb4d9148e5c
baab328445fe1199984f	10136de62af20700bda6,1bbc938932da09337a97
4cb7aefe2ce8f9254a6f	e00df8381bb5ac0d1049,c89832da67ad95ffc11e
58029d823c57af51b185	25bbb2f364614d020a30,207ac71a370f82288fe4
23aeb4267c7b1c08b150	3b0e2fa8d42f162f4b1c,84b1102e755f6a4b1aae
760d6847373a42091069	27f75eb41d8b1d319ff6,d4d548a9cfc5686a7cd9
cc7582d2755c5fb47821	d932f11e355b7719372a,15dd1a7faabd27dff757
8d898d5c60efe0e4baef	fbc79bcdbceb63434176,003f19dedf8ef538ae23
c108c3becda4bb6c2cf2	fa313a653cb4d9148e5c,84b1102e755f6a4b1aae
c6d942b9aacd32cd62c7	10136de62af20700bda6,e05df74c7c9af5c6ed98
9bbcd152879e922f4342	6dd1aa19bb53e78d6a29,5b287c663122942399b5
ab279d6e530eb066eb6c	b19bf32e71d30abea329,a4d3544e68ed2eb552fb
3666645406db1e79a01e	39f4acaff2111fd50c88,4b45c620a0b102bb683c
37d3db38958deaa817ec	a36014278df6e1c03d3a,afcb84ceb39747e0b2d6
03e2aa8444bd09850cf8	bcd19ba6d268e10ec429,716c6312ace130c30251
06bbb9377e9408fd06e8	716c6312ace130c30251,5025bc661d83d5ac3648
d3b32e039ea3f6c146bd	cc63fa34bc9a28436a8c,f66be1e2293ddcd470db
75ae9d9af18e1f55bb85	42383ff7bea509abe60e,d030620f73276970d44f,97c46bc7ddc0081b76e3
17ae911a6c37893f8ab1	ea3ac2c720d2df7ae0e3,c4512437c351b204bb32,d44c8e640c516a020eea
27c138a9985a0554aec3	5932c2e4e60c4df658e0,b21817808deca82b7127,7c289c19d395a3519b30
a4df5618bd9eff0d8ac0	6491abf5bc7f1bf31080,afbe83789d904b53476b,8209c8bae8c4b6f1f6ee
368ab9ffe4e2797b706f	27b7893ed990e1e6b87e,1db090bc0caa34cfb45f
e95f739509e56349fb86	c626f6f071f59ad1d4d8,28605788682092ceb03e,faf30b0febc9f48c5d2e
5080bf7a1e2fbbe3a7f5	27b7893ed990e1e6b87e,c626f6f071f59ad1d4d8,7cb65cdf16fd7c790ac0
d2fe04f07f12c90b382f	ba4cbb2ff44411db5154,54c39c335bc4ab67c6fb
b8f880b9ad0eff77955d	4b199ae109e70e4f7cdc,9b5d14cc8855894e64a7,d0165a631de107ebfe6b
78acb5e8479900f3ea38	1a703f75356a23ce3265,54c39c335bc4ab67c6fb,c4512437c351b204bb32
ef06e387e4669382935a	4e103ad25ef1c6f095ea,c626f6f071f59ad1d4d8
5214935c2cb38b345fdb	951de660816f18d0ee96,8ac1394805043d79e6b3
b2e4e0b581fdb5a8b70b	b42ef5def3095262ddba,1cd9f59a4f62ea919cae,795f636b364a65d0e800
dcaee318282ac029be56	7cb65cdf16fd7c790ac0,b7bd9f5afafb983520b6,dd7fec877a1dd53a3d4d
852f1115cb580ff24dd7	8c712152e4c221302822,cc63fa34bc9a28436a8c,eb8affef75a3b9320ecc
a8719208b70e8a4cef64	dabe78da0d0363c61254,4e103ad25ef1c6f095ea
9fcc359e51445f4f380d	d17acadbaac1787133ef,e1f583d005dc3f83cadb,696550287f6e2c8d1058
258d42ea72b160a505b5	42383ff7bea509abe60e,dabe78da0d0363c61254,795f636b364a65d0e800
4030670058327ac9cf32	e1f583d005dc3f83cadb,dd7fec877a1dd53a3d4d
4f60288f584b288c8f25	ea3ac2c720d2df7ae0e3,7e9c9426b748cf514757,b2547da7de820471554f
1a4aa10c058b1f2bc44f	9326839b20328f1cacae,3b40587095d8d81fde03
ead8ac556d1c792df005	8860ac9d358e53956cf4,1b9183cf934b62f6daea,d82712d69550e22d880d
05c5cac9bb1afcf97a4f	0d662094903ab17ba9ed,d28e13550ea837381125
ce0aa6c2d473532b82bf	1cc38f972fb5337d49da,f93a5a62bc605fb3918b,e6decc88c163100a4d9a
7b8ef37dbc3e5643ea29	6491abf5bc7f1bf31080,d0165a631de107ebfe6b
b5c3565c726788fc2bc5	cc63fa34bc9a28436a8c,8860ac9d358e53956cf4,d17acadbaac1787133ef
b581235d0b0726eac1ee	45e0ff462fcf667119b9,c4512437c351b204bb32
d53b9fe9895916397031	dabe78da0d0363c61254,1618e7f9dd2bb06bab98,faf30b0febc9f48c5d2e
d85dc0f6cc4d09b0b8a0	a2f8e889aa6d5d2df14b,9a3ac573a5a882314ac7,7cb65cdf16fd7c790ac0
882ae42c46c9fa65142e	ab78071793d6fe449f1a,1b9183cf934b62f6daea
b7bfa6ee808a3982e674	5932c2e4e60c4df658e0,9326839b20328f1cacae,1cc38f972fb5337d49da
533815b0d2d76214f76e	ea3ac2c720d2df7ae0e3,8860ac9d358e53956cf4,7cb65cdf16fd7c790ac0
fbc23f8a238b4a8e69c6	d17acadbaac1787133ef,8a76036b25f1361c92f6,929739f678b33c8ef9b6
c2d4c8e7e84e478f12a0	28605788682092ceb03e,734c90e2f185d809208a,8c712152e4c221302822
2ed4414392c5a3e64049	b7bd9f5afafb983520b6,8860ac9d358e53956cf4,27b7893ed990e1e6b87e
13932c08b34e985d4c4d	9326839b20328f1cacae,7e9c9426b748cf514757,4e103ad25ef1c6f095ea
efa842c6b25291e78224	c3c236af35aba0dca886,0e6d71d9e0d0aeabdf06,3b40587095d8d81fde03
d4f47cfdc1075d097302	91366e1c49dd990ecb13,795f636b364a65d0e800
9d7c4600a4f90ee6b695	a2f8e889aa6d5d2df14b,9326839b20328f1cacae
b9c37be85c4337759d16	8860ac9d358e53956cf4,8209c8bae8c4b6f1f6ee
68f47b9a58069cdeb806	91366e1c49dd990ecb13,0e6d71d9e0d0aeabdf06,8ac1394805043d79e6b3
fdd77f1f0d0455428a88	3429d65cee7e594cc51b,d030620f73276970d44f,54c39c335bc4ab67c6fb
5099563b0359332dbea0	7aad2c0348d313405d80,9326839b20328f1cacae
90ba8c06d75ba4946437	d82712d69550e22d880d,a6535be71660f0ea4eed
41b3fd3238b0cb44d898	6491abf5bc7f1bf31080,9b5d14cc8855894e64a7
268f1e4b04da201da7c7	b21817808deca82b7127,929739f678b33c8ef9b6,9a3ac573a5a882314ac7
df44ab26db1b6469142d	45e0ff462fcf667119b9,e1f583d005dc3f83cadb
d879d44ef8ea8164525d	0d2a65cd1d7306089d04,afbe83789d904b53476b
834c2a8a6748ade3ddf7	3b40587095d8d81fde03,45e0ff462fcf667119b9,46651ebaecfb11c0a7ba
5f14aa376e759f9db691	42383ff7bea509abe60e,696550287f6e2c8d1058
b3e277a601e904b0476f	01806fa09361a7f90270,c626f6f071f59ad1d4d8,a6535be71660f0ea4eed
181b5a2ea88c92cbfa0f	5932c2e4e60c4df658e0,9b5d14cc8855894e64a7
6fe2c091f490a367bf45	e6decc88c163100a4d9a,795f636b364a65d0e800,26f4872d5a59c3f24080
4a9e30a9d788c4bc6e82	b2547da7de820471554f,0d662094903ab17ba9ed
7b39d3d1632cc0dc12f6	662ae4f39d7aaabb3e16,929739f678b33c8ef9b6
329bf3579c793137fbcd	a2f8e889aa6d5d2df14b,c296460d9b39503d7de1
49376ffcf47226b6229b	eb8affef75a3b9320ecc,6491abf5bc7f1bf31080
bb05ca18b083377130fc	8ac1394805043d79e6b3,951de660816f18d0ee96,f93a5a62bc605fb3918b
5a9d6f1365f13e41d2ac	d44c8e640c516a020eea,0d2a65cd1d7306089d04
8a2d232b83a9e18e6cef	69f260287cbd911759f5,46651ebaecfb11c0a7ba
e5135eace79c28f726c2	734c90e2f185d809208a,e1f583d005dc3f83cadb
c19961b6a5803d581b18	97c46bc7ddc0081b76e3,26f4872d5a59c3f24080
bae26868a89a0f1503cf	5932c2e4e60c4df658e0,8ac1394805043d79e6b3,929739f678b33c8ef9b6
62594bf99af49358b053	8209c8bae8c4b6f1f6ee,c296460d9b39503d7de1
a55c8bffd409942238de	ab78071793d6fe449f1a,7aad2c0348d313405d80,b2547da7de820471554f
8f5832526ca22efea66c	1db090bc0caa34cfb45f,54c39c335bc4ab67c6fb
0675cde94c0327b51a84	27b7893ed990e1e6b87e,82d700925ad60ba8a0a4,3429d65cee7e594cc51b
42a5b8327210e872e0a0	34065863722bdb0bd7fc,82d700925ad60ba8a0a4,0e6d71d9e0d0aeabdf06
fcbde7d0dc1c4fc45b85	f93a5a62bc605fb3918b,4e103ad25ef1c6f095ea,c3c236af35aba0dca886
4c73fe7043fa534715e3	ba4cbb2ff44411db5154,e1f583d005dc3f83cadb
8c97b522cadff8843ce7	7c289c19d395a3519b30,afbe83789d904b53476b
56d1ca0e6a82a7d5e3e6	795f636b364a65d0e800,45e0ff462fcf667119b9,9326839b20328f1cacae
17defe4a3fbb64f4cf8d	9b5d14cc8855894e64a7,8ac1394805043d79e6b3,1b9183cf934b62f6daea
2318bef311021464e7ea	cc63fa34bc9a28436a8c,3b40587095d8d81fde03
00cd9d58e44f235c9579	01806fa09361a7f90270,26f4872d5a59c3f24080
bae40325bd8f2a17f395	f93a5a62bc605fb3918b,faf30b0febc9f48c5d2e
9facd7ee01a06cc86755	28605788682092ceb03e,929739f678b33c8ef9b6
ab86db583f2a9c005da0	c296460d9b39503d7de1,929739f678b33c8ef9b6,7e9c9426b748cf514757
76d915c9ee6184f34605	faf30b0febc9f48c5d2e,0d2a65cd1d7306089d04,9a3ac573a5a882314ac7
c01068d728eac6d6909a	ba4cbb2ff44411db5154,c296460d9b39503d7de1
6806311aad770f2710f8	5932c2e4e60c4df658e0,696550287f6e2c8d1058
2a3ba463447855ec02a5	0b0998755df40fbaf706,696550287f6e2c8d1058,7aad2c0348d313405d80
a6d0c383e1c9e23975c8	a6535be71660f0ea4eed,faf30b0febc9f48c5d2e
71b01a25a779f4376f0f	7e9c9426b748cf514757,b2547da7de820471554f
83b2e3bc6b7b0ff180ac	eb8affef75a3b9320ecc,42383ff7bea509abe60e
7f4b8140ba3776551cef	fe1253ce7c4a80ca36a5,734c90e2f185d809208a,7e9c9426b748cf514757
bbcf4e84774710b711dd	01806fa09361a7f90270,7aad2c0348d313405d80
6301a1a3d3f0c4ae5b89	20fac611c0fbbb62d08c,734c90e2f185d809208a,8ac1394805043d79e6b3
1c6e2d1286d6ded8fead	b42ef5def3095262ddba,8c712152e4c221302822,d44c8e640c516a020eea
cf363f661c8002ee61b4	b42ef5def3095262ddba,c296460d9b39503d7de1
85567107216037072a5a	faf30b0febc9f48c5d2e,662ae4f39d7aaabb3e16
c7012084a9d3ad9b3acf	d44c8e640c516a020eea,5932c2e4e60c4df658e0,eb8affef75a3b9320ecc
035e30c832c82e146c0a	8a76036b25f1361c92f6,9a3ac573a5a882314ac7,3429d65cee7e594cc51b
9dd4d6138e6bbdf7d154	1a703f75356a23ce3265,0d662094903ab17ba9ed,1cd9f59a4f62ea919cae
2d97df614080238ed413	12366936b273b9cc6e16,dd7fec877a1dd53a3d4d,afbe83789d904b53476b
2f64a834d6ccd75f36ba	ed6890efb9304e392218,696550287f6e2c8d1058,c296460d9b39503d7de1
6.12E+24	a2f8e889aa6d5d2df14b,82d700925ad60ba8a0a4
6f3375267ac145e3a760	fe1253ce7c4a80ca36a5,eb8affef75a3b9320ecc,1b9183cf934b62f6daea
2b864bc6c4b8f59898e8	eb8affef75a3b9320ecc,4e103ad25ef1c6f095ea
36d2a219e535901bc4db	7e9c9426b748cf514757,6491abf5bc7f1bf31080,9326839b20328f1cacae
6f6b5ba49e5d93d9b1a4	a2999b6d07e01ad34eb1,d0165a631de107ebfe6b,34065863722bdb0bd7fc
648e3791b094ef9b3ac5	662ae4f39d7aaabb3e16,0e6d71d9e0d0aeabdf06,1b9183cf934b62f6daea
c2b79068747304623fb8	01806fa09361a7f90270,34065863722bdb0bd7fc,b2547da7de820471554f
ab3f6c94f5144e571a7b	26f4872d5a59c3f24080,01806fa09361a7f90270,1cc38f972fb5337d49da